tweetler,begeni_sayisi,yorum_sayisi,retweet_sayisi
#ÜmitÖzdağ varsa Ümit var..,304,4,18
"CHP'yi neden mi eleştiriyoruz.

#ÜmitÖzdağ",163,20,34
"Zafer'e Katıl,
Vatanını Koru!
@ZaferPartisi
#ÜmitÖzdağ",41,1,6
"""Seçimden bir gün sonra” 
#ÜmitÖzdağ @umitozdag",245,17,57
"Genel Başkanımız Prof. Dr. Ümit Özdağ Halk Tv’de Türk milletine gündemi anlatıyor.
#ZaferPartisi #ÜmitÖzdağ",189,1,27
Buraya Şerefli bi babanın oğlunu bırakıyorum..#Ümitözdağ #ZaferPartisi ,378,22,32
Dip dalga geliyor. #ÜmitÖzdağ,279,2,45
"Saray Rejiminin Çöküşü 

#ÜmitÖzdağ
#ZaferPartisiGenelBaşkanı",238,5,36
"#Uyanış
@ÜmitÖZDAĞ 
#ZaferPartisi",16,1,7
"Zafer Partisi sığınmacılar gitsin diye Ankara - Ulus’ta imza topluyor. 
Geldik imzamızı verdik 
@umitozdag @zaferpartisi
#ümitözdağ #ZaferPartisi
#sığınmacılargitsin",61,1,5
"#Samandağ #Hatay #ZaferPartisi #ÜmitÖzdağ #SuriyelilerSuriyeye
@umitozdag @ADEM_KAYA31 @sphyldz",61,1,7
"Gezmelere de gitsek gözümüz Zaferde 
#ÜmitÖzdağ",137,1,9
"Artık içim rahat agalar...
İlk defa gönül rahatlığıyla üye oldum... Arkandayız başkan #ümitözdağ #ZaferPartisi",433,20,27
"#ÜmitÖzdağ : ""Ümit Özdağ'ın dili sert diyorlar. #Türkiye'yi 20 seneden beri. Ak Parti, #Erdoğan karşısında mızmız liderleri gördü. Bize sert dil kullandığımızı söyleyenler dönsünler Erdoğan'ın diline baksınlar."" 
@umitozdag #ZaferPartisi",28,1,8
"#ÇekCiğerim
“Sayın Ümit Özdağ ve ekibi sakın korkmayın..”
⁦@SancaktepeZafer⁩ 
⁦@ZaferPartisi_34⁩ 
⁦@sagaltun⁩ 
⁦@zaferpartisi⁩ 
@ÜmitÖzdağ",17,1,6
"Ümit Özdağ Denizli’de 1 Liraya Domates Sattı, Polis Kamerasını Görünce Gülümsedi: “Ooo Süleyman da Burada”

#ümitözdağ",473,1,5
"#ÜmitÖzdağ
Türkiye’nin güçlü bir iktidara ihtiyacı var, bir yamalı bohçaya ihtiyacı yok. ‘Biz Erdoğan’dan daha iyi borç buluruz’ diye ortaya çıkan Kemal Kılıçdaroğlu ve Ali Babacan’a ihtiyacı yok.

Haber
https://haberiniz.com.tr/gundem/umit-ozdag-biz-erdogandan-daha-iyi-borc-buluruz-diye-ortaya-cikan-kemal-kilicdaroglu-ve-ali-babacana-ihtiyaci-yok-27112022…",261,1,50
"Bağcılar İlçe Başkanlığı'nda Bağcılar mahalle temsilcilerinin atamalarını yaptık. Bağcılar, mahalle temsilcilikleri atanmış ilk ilçemiz oldu. #ZaferPartisi #ÜmitÖzdağ",130,5,17
"#Uyanış çok yakında tüm sosyal medya hesaplarında...

#ZaferPartisi #ÜmitÖzdağ @umitozdag",248,6,33
#ÜmitÖzdağ,32,1,5
#ÜmitÖzdağ gereksiz sevimsiz olmasa da olur bir canlıdır…,32,3,1
"Tayyip ve bahçeli 2023 seçimleri için siyaset yaparken,
#ÜmitÖzdağ Yüce Türk milleti gelecek 1000 yılda yine burda diyerek, Bin yıllık programı yapan tek Genel Başkandır.",57,2,6
"#ÜmitÖzdağ
#ZaferPartisi

Sığınmacı:
""Kafa keseceğim""

Ümit Özdağ:
""Sığınmacıların hepsi gidecek. Gerekirse zorla""",23,1,7
"Türk halkı
ya
 ""Sömürüye Hayır"" diyecek ve @ZaferPartisi'ni seçecek

ya da
 ""Gönüllü Giderler"" diyen partilere oy verecek ve sömürü devam edecek

⁦@umitozdag⁩ #sevdaözbek ⁦@zaferpartisi⁩ #ümitözdağ #HepBirlikteZafere",114,3,33
Türk Milleti'nin Ümit'i Ümit Özdağ'ın Hatay'da akşam gezintisinden bir bölüm.  #ÜmitÖzdağ #ZaferPartisi @umitozdag @tolgagldiken1,63,1,17
"Tam da fetö tarzı ,şaşırmadık tabiiki #ÜmitÖzdağ engel tanımaz",75,1,3
"Diğer liderlerin Halk’ın yüzüne bakacak-çekinceleri olmadan yürüyecek halleri mi var ki korumasız yürüsünler 
#ÜmitÖzdağ,Büyük Türk Millet’inin vicdanının sesi olduğu için korumasız ve hür dolaşabiliyor…
Çalmadı-çırpmadı",135,3,10
"Ajan-s #ümitözdağ
Çok benziyo laaaaaa
PKK/YPG 'ye  kuyruk sallamış
CIA cı seni.....",71,1,62
Korkunun ecele faydası yok #ZaferPartisi #ÜmitÖzdağ geliyor.,94,2,12
"Sayın Erdoğan ne zaman bir şey hakkında ""cik,cuk"" desen onun büyük olduğunu anlıyoruz. 2023 seçimlerinden sonra Zafer Partisi iktidarında Katar'a da seferimiz olacak. Zafer Turizm iyi yolculuklar diler.
@umitozdag #ÜmitÖzdağ #ZaferPartisi",114,4,14
" Gazeteci Yazar Mine Kırıkkanat (@mkirikkanat) ne dedi 
Bu daha iyi günlerimiz. “Ya sev ya terket” diyecekler. Hem de çok yakında… #teslimiyet
@zaferpartisi ölüm kalım sorununu doğru saptadı
#ZaferPartisi #Teslimiyet #ÜmitÖzdağ #ZaferFidanı #SığınmacıSorunu",31,2,12
"#zaferpartisi #ÜmitÖzdağ #zaferpartisi_34
ZAFER TURİZM, KATAR SEFERLERİ İÇİN HAZIR!",12,1,2
"Zafer Partisi Genel Başkanı Prof. Dr. Ümit Özdağ Hatay'a geliyor!
Prof. Dr. @umitozdag'ın Hatay'da vereceği ""Suriye İç Savaşı & Hatay"" adlı konferansa tüm #Hatay halkı davetlidir.

27 Kasım Pazar
14.00
HATMEK Kongre Salonu, Antakya
#ÜmitÖzdağ #ZaferPartisi #Antakya",31,2,11
"#ZaferPartisi Lideri Ümit Özdağ'dan Cumhurbaşkanı Erdoğan'a:

""Bak Recep Tayyip bey, sen doğru dürüst istihbarat alsaydın, #15Temmuz darbesi olmazdı.
Benim milli güvenlik konularında aldığım istihbarat, senin Karkamış ziyaretimizden aldığın istihbarattan daha iyi!""

#ÜmitÖzdağ",132,1,12
"Zafer Partisi Sultanbeyli 27 Kasım Zafer Bülteni...

@umitozdag @zaferpartisi @zaferpartisi_34 @Zpsultanbeylgnc #ZaferPartisi #ÜmitÖzdağ #SultanbeyliZaferPartisi #ZaferPartisiSultanbeyli #Sultanbeyli #ZaferFidanı #Konya #Hayvan #Kedi #Köpek #HayvanHakları",21,1,4
"+Benim hdp ile fotoğrafımı gördünüz mü?
-Hayır. Görmedik. 
+Göremezsiniz de zaten
#ÜmitÖzdağ
#ZaferPartisi",71,3,7
"Cumhuriyet tarihi boyunca ne siyasal islam ne de terör örgütü uzantıları siyaset yaptığında bu kadar baskıyla ve yasakla karşılaşmamıştır. #ÜmitÖzdağ 'dan neden korkuyorsunuz? Neden engellemek,yasaklamak,susturmak istiyorsunuz? Ne yaparsanız yapın.
TÜRK'ÜN GÜCÜNÜ GÖRECEKSİNİZ!",92,2,20
"Cumartesi günü akşam Hatay'a gelen Pazar günü ve bugün şehir genelinde bir takım ziyaretlerde bulunan Zafer Partisi Genel Başkanı Ümit Özdağ'ın, ""Hatay sınırına sembolik mayın koyma"" girişimi, jandarma ekiplerince yasaklandı.
#Hatay #Reyhanlı #SembolikMayın #ÜmitÖzdağ #Sınır",48,4,8
"25 Kasım Kadına Yönelik Şiddete Karşı Uluslararası Mücadele Gününde Kadıköy Atatürk Anıtı önünde katledilen kadınlarımız için bir araya geldik. 

@zaferpartisi @umitozdag @sagaltun #ümitözdağ #ZaferPartisi",196,3,56
"""Bizi toprağa gömdüler ama tohum olduğumuzu bilmiyorlardı."" 
ALİYA İZZETBEGOVİÇ

#ZaferFidanı
#ZaferPartisi
#ÜmitÖzdağ
#Zaferİnananlarındır
#TengriBizMenen",35,2,4
"HİRİSTİYANLARIN ZAFER GÜNÜ  DÜNYA GÜZELİK YARIŞMASINDA TÜRKİYEYE BİRİNCİLİK VERİLDİĞİ GÜN #GÖZvALT #izmir #ÜmitÖzdağ Derya Doktor İsmail Evde İsmail Balık Derya""Millet İttifakı"" Ceza Portakal""Galatasaray Nef""""AFFET TÜRKİYEM""""İbrahim Öztürk"" Esenyurt Evde İbb",73,4,37
2023 Haziran secimlerinin ardindan baslayacak olan Zafer Turizm Kabil ve Sam seferlerine Katar‘i da eklemis bulunmakta Zafer Partililer! Kutlu olsun! #ÜmitÖzdag,43,1,2
"Süleyman Soylu: Yıldırım düşmesi sonucu 4 askerimiz....

#Altay #amedspor #Göztepe #ÜmitÖzdağ #TahirElçi #KöpekleriUyutun #PençeKılıç #VejinPirozbe Hulusi Cübbeli Kasetleri Mesut Özil Sağlık Ak parti Derya İzmir Hakan Altun Gamze Sena 

27/11/2022",293,109,43
"Bağcılar İlçe Başkanlığı'nda Bağcılar mahalle temsilcilerinin atamalarını yaptık. Bağcılar, mahalle temsilcilikleri atanmış ilk ilçemiz oldu. #ZaferPartisi #ÜmitÖzdağ",88,1,13
"-Doktora şiddet de bir de sığınmacılar eksikti.
-Türk doktorlarını sığınmacılara ezdirmeyeceğiz.
-Zafer Partisi Gelecek, Tüm sığınmacılar Vatanlarına Dönecek.
@umitozdag
@zaferpartisi
#ÜmitÖzdağ
#Uyanış",57,2,16
"Almanın Dazlağı olur, Hollandalının olur da bizim olmaz mı? Bu da Türkiyenin Dazlağı #uemitoezdağ",8,2,1
"Bence güzel bir video olmuş, izlemenizi öneririm#TürkiyeninZaferi, #ÜmitÖzdağ , #ParolaZafer",46,1,9
"Büyük Türk Milleti sizden razı…
Kutlu #Zafer yolunda ayağınıza taş değmesin.. 
Biz de SİZDENİZ Biz de SİZDENİZ 
Bilgi-liyakat-donanım-siyaset uzmanı,#ÜmitÖzdağ SİZİNLEYİZ",35,1,10
"Türk milletinin yürekten gelen sevgisini arkasına alan Lider...
@umitozdag
#ümitözdağ",50,1,4
"Altay deplasman tribününden Göztepe tribünlerine atılan işaret fişeğinin görüntüsü 

Josef #Amedspor Göztepe Altay İzmir Güvenlik İsmail Saiss Telegram Mertens Atiba OyumStaja
#uemitoezdağ",14,1,6
"Sığınmacılar konusunda çok net olan #ZaferPartisi ve #ÜmitÖzdağ olup ,millet ittifakı bu konuda cumhur ittifakı gibi düşünüyor ,arada halkın gazını almak için göndereceğiz diyor.#BahardaZaferGelecek",268,4,39
"#ÜmitÖzdağ biraz gündemden düşünce , Erdoğan hemen laf atıp gündeme taşıdı elemanını. Erdoğan çok uzun süre aksenerin adını anmamisti , Özdağ kim ki laf atsın ",2,1,1
"""Türk milletinin hukuku için mücadele ediyoruz.Zafer gelecek sığınmacılar gidecek ""Diyen liderimiz @umitozdag yayın anında yapılan %75 anket göre kararlı ,mücadeleci/Dürüst/Dobra kişiliği ile Türk milletinin yürekten desteğini aldı.
#ümitözdağ
@zaferpartisi",30,1,9
"Haydi toplanın sizi
Biraz geriye götüreyim
Yok o kadar değil
Daha geriye !

Hamiyet Yüceses'le
1919'ların İstanbul'u ve
1922'lerin Ankara'sına gidiyoruz 
*
Doktor
Kılıçdaroğlu
#GÖZvALT
İsmail
Kahve
ibb
#ÜmitÖzdağ
Gavs
Ayasofya",41,1,7
"Haydi toplanın sizi
Biraz geriye götüreyim
Yok o kadar değil
Daha geriye !

Hamiyet Yüceses'le
1919'ların İstanbul'u ve
1922'lerin Ankara'sına gidiyoruz 
*
Doktor
Kılıçdaroğlu
#GÖZvALT
İsmail
Kahve
ibb
#ÜmitÖzdağ
Gavs
Ayasofya",267,6,78
"Türk Milleti'ne karşı şike siyaseti yapanlar gidecek, Türk Milleti'nin hak ve hukukunu gözeten Zafer gelecek. #ÜmitÖzdağ #ZaferPartisi @umitozdag @tolgagldiken1 @BoyunagaSeckin @karabaglar_ilce",28,1,8
Öğrenciler Bizim Geleceğimiz ! Öğrencilere destek olunmalı köstek değil ! Devamı https://youtu.be/Qd3faqCJkB0 #Altay #KYKBURS #kykborcu #Üniversite #öğrenci #Eğitim #öğretmen #pazartesi #FIFAWorldCup #ÜmitÖzdağ AK Parti #Trabzon #Mansur #Güvenlik Göztepe Altay #Gamze #KöpekleriUyutun,20,2,9
"Genel Başkanımız Prof. Dr. Ümit Özdağ:
""Buradaki Suriyeli askere gitmemek için Suriye'ye gitmiyor, benim 24 yaşındaki Teğmenim Suriye'de şehit oluyor!""
 
#AdıÜmitDerdiMillet
#TürkiyeninZaferi
#ZaferPartisi
#ÜmitÖzdağ
@zaferpartisi
@umitozdag",53,2,15
"@zaferpartisi Olarak Türkiye'de 2. İstanbul'da ilk Kuruluşunu Yapan Çekmeköy İlçe Başkanlığı Olarak. Genel Başkanımız Sn. @umitozdag 'ın Katılımıyla Türkiye ve İstanbul Genelinde İlk Mahalle Başkanlarını Atayan İlçe Çekmeköy Olmuştur.

#ZaferPartisi #ÜmitÖzdağ
@ZaferPartisi_34",23,1,9
"@zaferpartisi Olarak Türkiye'de 2. İstanbul'da ilk Kuruluşunu Yapan Çekmeköy İlçe Başkanlığı Olarak. Genel Başkanımız Sn. @umitozdag 'ın Katılımıyla Türkiye ve İstanbul Genelinde İlk Mahalle Başkanlarını Atayan İlçe Çekmeköy Olmuştur.

#ZaferPartisi #ÜmitÖzdağ
@ZaferPartisi_34",18,1,7
"#SONDAKİKA #ÇıLgınTürk devrede #TikTok Tevetır Biraz canLansın Aşkım Sena Zeynep 

Group F İbb #TOGG #Bursa #AbosuzEYTolmaz #İstanbul #deprem 
Cübbeli Kasetleri 
#FatihErbakan #ÜmitÖzdağ
#DemetÖzdemir #ChinaProtests",35,4,8
"Pençe Kilit operasyonu bölgesinde açılan taciz ateşi sonucu yaralanan Askerimiz Piyade Uzman Çavuş Mustafa Yıldız Şehit oldu.
Yüce Türk milletinin başı sağ olsun.

#sevdaözbek @SevdaOzbk @zaferpartisi @umitozdag #ümitözdağ #şehit #sehidimizvar",36,3,3
"Yok, Yok üzülmeyin ....
Sokak köpeği değil, Kamyonlarla mama taşımanıza gerek yok
Sadece sıradan bir insan evladı, Ona el uzatmanıza gerek yok

#ÜmitÖzdağ
#izmir",17,2,3
"Sizde Perinçek gibi oldunuz,muhalefete muhalefet yaparak ol almaya çalışıyorsunuz.
Hatırlatayım Ülkeyi AKP (erdoğan) yönetiyor #ümitözdağ",53,2,1
"Sadece #Konya değil, tüm #Türkiye ses vermeli 
Hayvan vahşetine göz yumanlar o koltuklarda hangi yüzle oturuyorlar
İnsanlığınızdan utanıyor musunuz
Yazıklar olsun
#Konyadakatliamvar @zaferpartisi #ümitözdağ @umitozdag #sevdaözbek @SevdaOzbk",171,6,50
" @umitozdag ne dedi 
Devletin tüm kaynaklarını hızlı bir şekilde İstanbul'u restore etmek için harcayacağız.

Tüm sığınmacıları ülkelerine göndereceğiz.

Yaklaşan #Deprem'de 200 bin insanımızın ölmesine, izin vermeyeceğiz!

#ÜmitÖzdağ
#ÜmitÖzdağNeDedi
#istanbuldeprem",14,1,6
"Zafer Partisi iktidarında,
Yabancı dil eğitimi orta öğretimde verilecek.
Lise eğitimini bitiren her gencin en az bir yabancı dili çok iyi konuşması hedeflenecek.
Üniversitelerde eğitim dili sadece Türkçe olacak.

#BirlikteZafere @umitozdag #ümitözdağ #sevdaözbek",172,1,29
"İzmirli
#HüseyinBaş
#ÜmitÖzdağ
Şehit
Cinayete
@huseyinbas_BTP @BTP_Parti @btpgenclik Atatürkçüler nerde
Mansur Yavaş
#GeriAlacağız",18,1,6
"Sarı muhalefet (6'lı masa), sizden olsa olsa işte böyle #GüldürGüldürShow parodisi olur ve çok ta güzel olmuş. Zafer Partisi Türk Milletinin dip dalgasıdır diye boşa demiyoruz #ÜmitÖzdağ #ZaferPartisi",40,4,9
"Bu vatan toprağın kara bağrında sıra dağlar gibi duranlarındır Bir tarih boyunca onun uğrunda kendini tarihe verenlerindir @RTErdogan
Recep Tayyip Erdoğan 

#2023YolundaBiriz
#2023yolundabirizberaberiz
#ŞehadetEsasKadroHaktır
#TOGG

Kimsin La Sen #ÜmitÖzdağ",59,4,21
"Lan ne unutkan adamım ben yav
İsmet'in 3 kere de Demirel'e yenildiĝini nasıl unuttum?

Kılıçdaroğlu hiç olmazsa bize
Sadece 10 kerecik yenildi 

İsmet'in yanında 
Esamesi bile esmez

Ak Parti
#COCUKLARIaileyeVERIN
İsmail
Kılıçdaroğlu
Gavs
Kimsin La Sen
Kemal Özkiraz
#ÜmitÖzdağ",93,3,42
Suçluysam Çıkarın adalet önünde dinleyin beni birde ben anlatayım Adalet dinlesin diyor sedat peker vatan sevdalısı Tecrite DurDe  #Sahip #çıkın #hey #muhalefet #meralAkşener #kılıçdaroglu #cemalEnginyurt #ümitözdag #SedatPeker,48,3,16
İspanya Almanya maçı canlı izle Hd  #wednesdaynetflix Kimsin La Sen #BirceAkalay #GÖZvALT Lukaku Galatasaray Nef Ankaragücü Beşiktaş Mansur Yavaş Fenerbahçeliyim Trabzon #ÜmitÖzdağ İbb #COCUKLARIaileyeVERIN Kaleciye #DogeCoin İzmir Özledim #IlCey,4,1,3
İspanya Almanya maçı canlı izle Hd  #wednesdaynetflix Kimsin La Sen #BirceAkalay #GÖZvALT Lukaku Galatasaray Nef Ankaragücü Beşiktaş Mansur Yavaş Fenerbahçeliyim Trabzon #ÜmitÖzdağ İbb #COCUKLARIaileyeVERIN Kaleciye #DogeCoin İzmir Özledim #IlCey,4,1,3
İspanya Almanya maçı canlı izle Hd  #wednesdaynetflix Kimsin La Sen #BirceAkalay #GÖZvALT Lukaku Galatasaray Nef Ankaragücü Beşiktaş Mansur Yavaş Fenerbahçeliyim Trabzon #ÜmitÖzdağ İbb #COCUKLARIaileyeVERIN Kaleciye #DogeCoin İzmir Özledim #IlCey,4,1,3
İspanya Almanya maçı canlı izle Hd  #wednesdaynetflix Kimsin La Sen #BirceAkalay #GÖZvALT Lukaku Galatasaray Nef Ankaragücü Beşiktaş Mansur Yavaş Fenerbahçeliyim Trabzon #ÜmitÖzdağ İbb #COCUKLARIaileyeVERIN Kaleciye #DogeCoin İzmir Özledim #IlCey,4,1,3
İspanya Almanya maçı canlı izle Hd  #wednesdaynetflix Kimsin La Sen #BirceAkalay #GÖZvALT Lukaku Galatasaray Nef Ankaragücü Beşiktaş Mansur Yavaş Fenerbahçeliyim Trabzon #ÜmitÖzdağ İbb #COCUKLARIaileyeVERIN Kaleciye #DogeCoin İzmir Özledim #IlCey,4,1,3
İspanya Almanya maçı canlı izle Hd  #wednesdaynetflix Kimsin La Sen #BirceAkalay #GÖZvALT Lukaku Galatasaray Nef Ankaragücü Beşiktaş Mansur Yavaş Fenerbahçeliyim Trabzon #ÜmitÖzdağ İbb #COCUKLARIaileyeVERIN Kaleciye #DogeCoin İzmir Özledim #IlCey,4,1,3
İspanya Almanya maçı canlı izle Hd  #wednesdaynetflix Kimsin La Sen #BirceAkalay #GÖZvALT Lukaku Galatasaray Nef Ankaragücü Beşiktaş Mansur Yavaş Fenerbahçeliyim Trabzon #ÜmitÖzdağ İbb #COCUKLARIaileyeVERIN Kaleciye #DogeCoin İzmir Özledim #IlCey,4,1,3
İspanya Almanya maçı canlı izle Hd  #wednesdaynetflix Kimsin La Sen #BirceAkalay #GÖZvALT Lukaku Galatasaray Nef Ankaragücü Beşiktaş Mansur Yavaş Fenerbahçeliyim Trabzon #ÜmitÖzdağ İbb #COCUKLARIaileyeVERIN Kaleciye #DogeCoin İzmir Özledim #IlCey,4,1,3
İspanya Almanya maçı canlı izle Hd  #wednesdaynetflix Kimsin La Sen #BirceAkalay #GÖZvALT Lukaku Galatasaray Nef Ankaragücü Beşiktaş Mansur Yavaş Fenerbahçeliyim Trabzon #ÜmitÖzdağ İbb #COCUKLARIaileyeVERIN Kaleciye #DogeCoin İzmir Özledim #IlCey,4,1,3
İspanya Almanya maçı canlı izle Hd  #wednesdaynetflix Kimsin La Sen #BirceAkalay #GÖZvALT Lukaku Galatasaray Nef Ankaragücü Beşiktaş Mansur Yavaş Fenerbahçeliyim Trabzon #ÜmitÖzdağ İbb #COCUKLARIaileyeVERIN Kaleciye #DogeCoin İzmir Özledim #IlCey,4,1,3
İspanya Almanya maçı canlı izle Hd  #wednesdaynetflix Kimsin La Sen #BirceAkalay #GÖZvALT Lukaku Galatasaray Nef Ankaragücü Beşiktaş Mansur Yavaş Fenerbahçeliyim Trabzon #ÜmitÖzdağ İbb #COCUKLARIaileyeVERIN Kaleciye #DogeCoin İzmir Özledim #IlCey,4,1,3
İspanya Almanya maçı canlı izle Hd  #wednesdaynetflix Kimsin La Sen #BirceAkalay #GÖZvALT Lukaku Galatasaray Nef Ankaragücü Beşiktaş Mansur Yavaş Fenerbahçeliyim Trabzon #ÜmitÖzdağ İbb #COCUKLARIaileyeVERIN Kaleciye #DogeCoin İzmir Özledim #IlCey,4,1,3
İspanya Almanya maçı canlı izle Hd  #wednesdaynetflix Kimsin La Sen #BirceAkalay #GÖZvALT Lukaku Galatasaray Nef Ankaragücü Beşiktaş Mansur Yavaş Fenerbahçeliyim Trabzon #ÜmitÖzdağ İbb #COCUKLARIaileyeVERIN Kaleciye #DogeCoin İzmir Özledim #IlCey,4,1,3
İspanya Almanya maçı canlı izle Hd  #wednesdaynetflix Kimsin La Sen #BirceAkalay #GÖZvALT Lukaku Galatasaray Nef Ankaragücü Beşiktaş Mansur Yavaş Fenerbahçeliyim Trabzon #ÜmitÖzdağ İbb #COCUKLARIaileyeVERIN Kaleciye #DogeCoin İzmir Özledim #IlCey,4,1,3
İspanya Almanya maçı canlı izle Hd  #wednesdaynetflix Kimsin La Sen #BirceAkalay #GÖZvALT Lukaku Galatasaray Nef Ankaragücü Beşiktaş Mansur Yavaş Fenerbahçeliyim Trabzon #ÜmitÖzdağ İbb #COCUKLARIaileyeVERIN Kaleciye #DogeCoin İzmir Özledim #IlCey,4,1,3
İspanya Almanya maçı canlı izle Hd  #wednesdaynetflix Kimsin La Sen #BirceAkalay #GÖZvALT Lukaku Galatasaray Nef Ankaragücü Beşiktaş Mansur Yavaş Fenerbahçeliyim Trabzon #ÜmitÖzdağ İbb #COCUKLARIaileyeVERIN Kaleciye #DogeCoin İzmir Özledim #IlCey,4,1,3
İspanya Almanya maçı canlı izle Hd  #wednesdaynetflix Kimsin La Sen #BirceAkalay #GÖZvALT Lukaku Galatasaray Nef Ankaragücü Beşiktaş Mansur Yavaş Fenerbahçeliyim Trabzon #ÜmitÖzdağ İbb #COCUKLARIaileyeVERIN Kaleciye #DogeCoin İzmir Özledim #IlCey,4,1,3
İspanya Almanya maçı canlı izle Hd  #wednesdaynetflix Kimsin La Sen #BirceAkalay #GÖZvALT Lukaku Galatasaray Nef Ankaragücü Beşiktaş Mansur Yavaş Fenerbahçeliyim Trabzon #ÜmitÖzdağ İbb #COCUKLARIaileyeVERIN Kaleciye #DogeCoin İzmir Özledim #IlCey,4,1,3
İspanya Almanya maçı canlı izle Hd  #wednesdaynetflix Kimsin La Sen #BirceAkalay #GÖZvALT Lukaku Galatasaray Nef Ankaragücü Beşiktaş Mansur Yavaş Fenerbahçeliyim Trabzon #ÜmitÖzdağ İbb #COCUKLARIaileyeVERIN Kaleciye #DogeCoin İzmir Özledim #IlCey,4,1,3
İspanya Almanya maçı canlı izle Hd  #wednesdaynetflix Kimsin La Sen #BirceAkalay #GÖZvALT Lukaku Galatasaray Nef Ankaragücü Beşiktaş Mansur Yavaş Fenerbahçeliyim Trabzon #ÜmitÖzdağ İbb #COCUKLARIaileyeVERIN Kaleciye #DogeCoin İzmir Özledim #IlCey,4,1,3
İspanya Almanya maçı canlı izle Hd  #wednesdaynetflix Kimsin La Sen #BirceAkalay #GÖZvALT Lukaku Galatasaray Nef Ankaragücü Beşiktaş Mansur Yavaş Fenerbahçeliyim Trabzon #ÜmitÖzdağ İbb #COCUKLARIaileyeVERIN Kaleciye #DogeCoin İzmir Özledim #IlCey,4,1,3
İspanya Almanya maçı canlı izle Hd  #wednesdaynetflix Kimsin La Sen #BirceAkalay #GÖZvALT Lukaku Galatasaray Nef Ankaragücü Beşiktaş Mansur Yavaş Fenerbahçeliyim Trabzon #ÜmitÖzdağ İbb #COCUKLARIaileyeVERIN Kaleciye #DogeCoin İzmir Özledim #IlCey,4,1,3
İspanya Almanya maçı canlı izle Hd  #wednesdaynetflix Kimsin La Sen #BirceAkalay #GÖZvALT Lukaku Galatasaray Nef Ankaragücü Beşiktaş Mansur Yavaş Fenerbahçeliyim Trabzon #ÜmitÖzdağ İbb #COCUKLARIaileyeVERIN Kaleciye #DogeCoin İzmir Özledim #IlCey,4,1,3
İspanya Almanya maçı canlı izle Hd  #wednesdaynetflix Kimsin La Sen #BirceAkalay #GÖZvALT Lukaku Galatasaray Nef Ankaragücü Beşiktaş Mansur Yavaş Fenerbahçeliyim Trabzon #ÜmitÖzdağ İbb #COCUKLARIaileyeVERIN Kaleciye #DogeCoin İzmir Özledim #IlCey,4,1,3
İspanya Almanya maçı canlı izle Hd  #wednesdaynetflix Kimsin La Sen #BirceAkalay #GÖZvALT Lukaku Galatasaray Nef Ankaragücü Beşiktaş Mansur Yavaş Fenerbahçeliyim Trabzon #ÜmitÖzdağ İbb #COCUKLARIaileyeVERIN Kaleciye #DogeCoin İzmir Özledim #IlCey,4,1,3
İspanya Almanya maçı canlı izle Hd  #wednesdaynetflix Kimsin La Sen #BirceAkalay #GÖZvALT Lukaku Galatasaray Nef Ankaragücü Beşiktaş Mansur Yavaş Fenerbahçeliyim Trabzon #ÜmitÖzdağ İbb #COCUKLARIaileyeVERIN Kaleciye #DogeCoin İzmir Özledim #IlCey,4,1,3
İspanya Almanya maçı canlı izle Hd  #wednesdaynetflix Kimsin La Sen #BirceAkalay #GÖZvALT Lukaku Galatasaray Nef Ankaragücü Beşiktaş Mansur Yavaş Fenerbahçeliyim Trabzon #ÜmitÖzdağ İbb #COCUKLARIaileyeVERIN Kaleciye #DogeCoin İzmir Özledim #IlCey,4,1,3
İspanya Almanya maçı canlı izle Hd  #wednesdaynetflix Kimsin La Sen #BirceAkalay #GÖZvALT Lukaku Galatasaray Nef Ankaragücü Beşiktaş Mansur Yavaş Fenerbahçeliyim Trabzon #ÜmitÖzdağ İbb #COCUKLARIaileyeVERIN Kaleciye #DogeCoin İzmir Özledim #IlCey,4,1,3
İspanya Almanya maçı canlı izle Hd  #wednesdaynetflix Kimsin La Sen #BirceAkalay #GÖZvALT Lukaku Galatasaray Nef Ankaragücü Beşiktaş Mansur Yavaş Fenerbahçeliyim Trabzon #ÜmitÖzdağ İbb #COCUKLARIaileyeVERIN Kaleciye #DogeCoin İzmir Özledim #IlCey,4,1,3
İspanya Almanya maçı canlı izle Hd  #wednesdaynetflix Kimsin La Sen #BirceAkalay #GÖZvALT Lukaku Galatasaray Nef Ankaragücü Beşiktaş Mansur Yavaş Fenerbahçeliyim Trabzon #ÜmitÖzdağ İbb #COCUKLARIaileyeVERIN Kaleciye #DogeCoin İzmir Özledim #IlCey,4,1,3
